Cabbar,xu1bu1er
Cabir,xu1ebu1r
Cafer,xu1afo1r
Cahide,xu1ehdh
Cahit,xu1ehd
Cahit,xu1exd
Caize,xu1ebo5ro1h
Calibe,xu1elybu1h
Calp,xu1elbu3
Canalioğlu,xu1ebo1 aly ewao1ly
Canalp,xu1ebo1 eo6lbu3
Canaltay,xu1ebo1elbo2ey
Canal,xu1ebo1el
Canane,xu1ebo1ebo1h
Canan,xu1ebo1ebo1
Canaş,xu1ebo1eso3
Canatan,xu1ebo1ebo2ebo1
Canat,xu1ebo1 eo6bo2
Cana,xu1ebo1h
Canaydın,xu1ebo1 eo6ydybo1
Canay,xu1ebo1ey
Canbay,xu1ebo1bu1ey
Canbay,xu1ebo1 bu1ey
Canbek,xu1ebo1 bu1k
Canberk,xu1ebo1 bu1rfo2
Canbey,xu1ebo1 bu1ko7
Canbolat,xu1ebo1bu1wled
Canbolat,xu1ebo1 bu1wled
Canbulat,xu1ebo1bu1wled
Canbulat,xu1ebo1 bu1wled
Candaner,xu1ebo1debo1 eo5r
Candaner,xu1ebo1debo1r
Candan,xu1ebo1debo1
Candar,xu1ebo1der
Candaş,xu1ebo1deso3
Canda,xu1ebo1dh
Candeğer,xu1ebo1 dko7r
Candemir,xu1ebo1 dmyr
Candoğan,xu1ebo1twao1ebo1
Canel,xu1ebo1l
Caner,xu1ebo1r
Canfeda,xu1ebo1fo1de
Canfer,xu1ebo1fo1r
Canfes,xu1ebo1fo1s
Canfeza,xu1ebo1fo1zo1e
Canfidan,xu1ebo1fo1debo1
Canfide,xu1ebo1fo1dh
Cangiray,xu1ebo1ko7yrey
Cangül,xu1ebo1ko7l
Cangün,xu1ebo1ko7wbo1
Cangür,xu1ebo1ko7wr
Canhanım,xu1ebo1xo1ebo1m
Canikli,xu1ebo1kly
Canik,xu1ebo1yk
Canipek,xu1ebo1 eybu3k
Canıpek,xu1ebo1ybu1k
Canip,xu1ebo1bu1
Canıtez,xu1ebo1y bo2ro1
Cankan,xu1ebo1fo2ebo1
Cankat,xu1ebo1fo2ebo2
Cankaya,xu1ebo1fo2eyh
Cankılıç,xu1ebo1fo2ylyxu3
Cankız,xu1ebo1fo2yro1
Cankoç,xu1ebo1fo2wxu3
Cankorur,xu1ebo1fo2wrwr
Cankurtaran,xu1ebo1 fo2wrbo2erebo1
Cankurt,xu1ebo1fo2wrbo2
Cankut,xu1ebo1fo2wbo2
Cannur,xu1ebo1 bo1wr
Canol,xu1ebo1wl
Canören,xu1ebo1 ewrbo1
Canözen,xu1ebo1 ewro1bo1
Canözlem,xu1ebo1 ewro1lm
Canöz,xu1ebo1wro1
Canperver,xu1ebo1bu3rwr
Canpolat,xu1ebo1 bu3wled
Canrüba,xu1ebo1rwbu1e
Cansal,xu1ebo1sel
Cansay,xu1ebo1zey
Cansel,xu1ebo1sl
Cansen,xu1ebo1sbo1
Canser,xu1ebo1sr
Canses,xu1ebo1ss
Canseven,xu1ebo1swbo1
Cansever,xu1ebo1swr
Cansev,xu1ebo1sw
Cansın,xu1ebo1zybo1
Cansoy,xu1ebo1zwy
Cansunar,xu1ebo1zwbo1er
Cansunay,xu1ebo1zwbo1ey
Cansuner,xu1ebo1zwbo1r
Cansun,xu1ebo1zwbo1
Cansu,xu1ebo1zw
Cantaş,xu1ebo1teso3
Cantekin,xu1ebo1bo2kybo1
Canten,xu1ebo1bo2bo1
Cantez,xu1ebo1bo2ro1
Cantürk,xu1ebo1 bo2wrk
Canuyar,xu1ebo1wyer
Canver,xu1ebo1wr
Canver,xu1ebo1wyr
Can,xu1ebo1
Canyurt,xu1ebo1ywrd
Caran,xu1erebo1
Carim,xu1erym
Carım,xu1erym
Cartı,xu1erdy
Carullah,xu1erellh
Cavidan,xu1ewdebo1
Cavit,xu1ewd
Cavlı,xu1ewly
Cavuldur,xu1ewwldwr
Cavus,xu1ews
Caymaz,xu1eymero1
Cazibe,xu1ero1ybu1h
Cazim,xu1ero1m
Cazip,xu1ero1ybu3
Cebbar,xu1bu1er
cebbar,xu1bu1o8er
Cebealp,xu1bu1h eo6lbu3
Cebeci,xu1bu1h xu1y
Cebelibereket,xu1bu1l bu1rkbo2
Ceben,xu1bu1bo1
Cebesoy,xu1bu1h zwy
Cebe,xu1bu1h
Cebrâil,xu1bu1rebo5bu2l
Cebrail,xu1bu1rebo5yl
Cedide,xu1dydh
Cefa,xu1fo1e
Celâdet,xu1ledbo2
Celâlettin,xu1lel eldybo1
Celâli,xu1elely
CelAl,xu1lel
Celâl,xu1lel
Celâsun,xu1lezwbo1
Celayır,xu1leyr
Celâyir,xu1leyyr
Celilay,xu1lyley
Celile,xu1lylh
Celil,xu1lyl
Cemalcılar,xu1melxu1ylr
Cemaleddin,xu1mel eldybo1
Cemalettin,xu1mel eldybo1
Cemalullah,xu1mel ellh
Cemile,xu1mylh
Cemil,xu1myl
Ceminur,xu1mybo1wr
Cemi,xu1mya
Cemre,xu1mrh
Cemşah,xu1mso3eh
Cemşir,xu1mso3yr
Cemşit,xu1mso3yd
Cem,xu1m
Cem,xu1ma
Cenani,xu1bo1ebo1y
Cenan,xu1bo1ebo1
Cenap,xu1bo1ebu1
Cengâver,xu1bo1ko7ewr
Cenger,xu1bo1ko7r
Cengil,xu1bo1ko7yl
Cengizhan,xu1bo1ko7yro1xo1ebo1
Cengiz,xu1bo1ko7yro1
Cenkçiler,xu1bo1kxu3ylr
Cenker,xu1bo1keo5r
Cenker,xu1bo1kr
Cenk,xu1bo1k
Cennet,xu1bo1bo2
Ceran,xu1rebo1
Cerci,xu1rxu1y
Ceren,xu1rbo1
Ceritoğlu,xu1rbo5ybo2 ewao1ly
Cerit,xu1rbo5ybo2
Cerit,xu1ryd
Cerrahoğlu,xu1rex ewao1ly
Cerullah,xu1rellh
Cesim,xu1sym
Cesur,xu1swr
Cevahir,xu1wehr
Cevat,xu1wed
Cevdet,xu1wdbo2
Cevheri,xu1whry
Cevher,xu1whr
Cevri,xu1wry
Cevriye,xu1wryyh
Cevval,xu1wel
Cevza,xu1wro1e
Ceydahan,xu1ydexo1ebo1
Ceyda,xu1yde
Ceyhan,xu1yxebo1
Ceyhun,xu1yxo1wbo1
Ceyhun,xu1yxwbo1
ceylan,xu1ylebo1
Ceylan,xu1ylebo1
Ceylân,xu1ylebo1
Cezaroğlu,xu1ro1er ewao1ly
Cezayir,xu1ro1eyr
Cezâyir,xu1ro1eyr
Cezlân,xu1ro1lebo1
Cezmi,xu1ro1my
Cibril,xu1bu1ryl
Cide,xu1ydh
Ciguli,xu1yao1wly
cihad,xu1hed
cihanabad,xu1hebo1||eo6bu1ed
Cihanbanu,xu1hebo1 bu1ebo1w
Cihanbeyli,xu1hebo1||bu1ko7ly
Cihandar,xu1hebo1der
Cihandide,xu1hebo1dydh
Cihanefruz,xu1hebo1 efo1rwro1
Cihaner,xu1hebo1 eo5r
Cihanfer,xu1hebo1fo1r
Cihangir,xu1hebo1ko7yr
Cihangül,xu1hebo1ko7l
Cihani,xu1hebo1y
Cihanmert,xu1hebo1mrd
Cihannur,xu1hebo1 bo1wr
Cihanşah,xu1hebo1so3eh
Cihan,xu1hebo1
Cihat,xu1hed
Cilli,xu1ylly
Cilvekâr,xu1lwh ker
Cilvenaz,xu1lwh bo1ero1
Cilvesaz,xu1lwh sero1
Cimcoz,xu1ymxu1wro1
Cimşit,xu1mso3yd
Cindoruk,xu1bo1dwrwfo2
Cindoruk,xu1ybo1dwrwfo2
Cinel,xu1bo1l
Cinisli,xu1ybo1ysly
Cin,xu1bo1
Ciritlioğlu,xu1yrybo2ly ewao1ly
Civanbaht,xu1webo1 bu1xo1bo2
Civanmert,xu1webo1 mrd
Civanşir,xu1webo1so3yr
Civan,xu1webo1
Cizreli,xu1ro1rh ly
Cizre,xu1ro1yrh
Cömert,xu1wmrd
Conker,xu1wbo1fo2 eo5r
Cop,xu1wbu3
Coşan,xu1wso3ebo1
Coşar,xu1wso3er
Coşkunay,xu1wso3fo2wbo1 eo6y
Coşkuner,xu1wso3fo2wbo1
Coşkuner,xu1wso3fo2wbo1 eo5r
Coşkunoğlu,xu1wso3fo2wbo1 ewao1ly
Coşkunsu,xu1wso3fo2wbo1zw
Coşkun,xu1wso3fo2wbo1
Coşkunyürek,xu1wso3fo2wbo1 ywrk
Coşku,xu1wso3fo2w
Cüceoğlu,xu1wxu1h ewao1ly
Cuci,xu1wxu1y
Cudi,xu1wdy
Cudiye,xu1wdyyh
Culduz,xu1wlwro1
Cumalıoğlu,xu1mah ly ewao1ly
Cumali,xu1mah aly
Cumali,xu1mah ly
Cuma,xu1mah
Cumhuriyet,xu1mhwryybo2
Cumhur,xu1mhwr
Cumur,xu1wmwr
Cündi,xu1wbo1dy
Cündullah,xu1wbo1dellh
Cüneyt,xu1bo1yd
Cura,xu1wre
